{"cameraMode":{"drawMode":0,"name":"Shaded","section":"Shading Mode"},"sceneLighting":true,"audioPlay":false,"sceneViewState":{"m_AlwaysRefresh":false,"showFog":true,"showSkybox":true,"showFlares":true,"showImageEffects":true,"showParticleSystems":true,"showVisualEffectGraphs":true,"m_FxEnabled":true},"in2DMode":false,"pivot":{"x":0.22231408953666688,"y":0.8724270462989807,"z":0.2966974973678589},"rotation":{"x":-0.3140804171562195,"y":0.04184773936867714,"z":-0.013859200291335583,"w":-0.9483729004859924},"size":0.43692776560783389,"orthographic":false}